-- INSERT

-- Usuarios
insert into Usuario (Identificacion, Tipo, Nombre, Correo, Contrasena, Celular, Direccion, FechaNacimiento, Trabajo, CIFIN_Reportado, LavadoActivos) 
	values (51000123,'Natural','Pedro Mayorga','pedro.mayorga@gmail.com','password',3013664994,'Cra 54 # 37-12 sur',TO_DATE('06/02/1996', 'DD/MM/YYYY'),'Ingeniero', false, false);
insert into Usuario (Identificacion, Tipo, Nombre, Correo, Contrasena, Celular, Direccion, FechaNacimiento, Trabajo, CIFIN_Reportado, LavadoActivos) 
	values (51000456,'Natural','Andres Vasquez','andres.vasquez@gmail.com','password',3003645132,'Cra 23 # 21-12 norte',TO_DATE('25/12/1995', 'DD/MM/YYYY'),'Ingeniero', false, false);
insert into Usuario (Identificacion, Tipo, Nombre, Correo, Contrasena, Celular, Direccion, FechaNacimiento, Trabajo, CIFIN_Reportado, LavadoActivos) 
	values (51000789,'Natural','Juan Puentes','juan.puentes@gmail.com','password',3006593412,'Cll 12 # 26-15',TO_DATE('16/06/1992', 'DD/MM/YYYY'),'Cocinero', false, false);
insert into Usuario (Identificacion, Tipo, Nombre, Correo, Contrasena, Celular, Direccion, FechaNacimiento, Trabajo, CIFIN_Reportado, LavadoActivos) 
	values (11000123,'Natural','Kevin Sanchez','kevin.sanchez@gmail.com','password',3013940230,'Cll 84 # 126-12',TO_DATE('11/08/1996', 'DD/MM/YYYY'),'Ingeniero', false, false);
insert into Usuario (Identificacion, Tipo, Nombre, Correo, Contrasena, Celular, Direccion, FechaNacimiento, Trabajo, CIFIN_Reportado, LavadoActivos) 
	values (11000456,'Natural','Diana Torres','diana.torres@gmail.com','password',3010033697,'Cra 7 # 45-12 norte',TO_DATE('30/10/1998', 'DD/MM/YYYY'),'Piloto', false, false);
insert into Usuario (Identificacion, Tipo, Nombre, Correo, Contrasena, Celular, Direccion, FechaNacimiento, Trabajo, CIFIN_Reportado, LavadoActivos) 
	values (11000789,'Natural','Suly Jaimes','suly.jaimes@gmail.com','password',3121970256,'Cll 80 # 127-12',TO_DATE('10/02/1993', 'DD/MM/YYYY'),'Dentista', false, false);
insert into Usuario (Identificacion, Tipo, Nombre, Correo, Contrasena, Celular, Direccion, FechaNacimiento, Trabajo, CIFIN_Reportado, LavadoActivos) 
	values (21000123,'Natural','Lilian Crespo','lilian.crespo@gmail.com','password',3009782506,'Cra 92 # 12-12',TO_DATE('26/12/1991', 'DD/MM/YYYY'),'Administradora', false, false);
insert into Usuario (Identificacion, Tipo, Nombre, Correo, Contrasena, Celular, Direccion, FechaNacimiento, Trabajo, CIFIN_Reportado, LavadoActivos) 
	values (21000456,'Natural','Fabian Heredia','fabian.heredia@gmail.com','password',3003697485,'Cra 85 # 15-12',TO_DATE('14/11/1994', 'DD/MM/YYYY'),'Ingeniero', false, false);
insert into Usuario (Identificacion, Tipo, Nombre, Correo, Contrasena, Celular, Direccion, FechaNacimiento, Trabajo, CIFIN_Reportado, LavadoActivos) 
	values (21000789,'Natural','Luisa Callejon','luisa.callejon@gmail.com','password',3005709899,'Cll 19 # 7-12',TO_DATE('12/12/1994', 'DD/MM/YYYY'),'Enfermera', false, false);
insert into Usuario (Identificacion, Tipo, Nombre, Correo, Contrasena, Celular, Direccion, FechaNacimiento, Trabajo, CIFIN_Reportado, LavadoActivos) 
	values (31000123,'Natural','Diego Plata','diego.plata@gmail.com','password',3001002020,'Cra 45 # 63-12 sur',TO_DATE('01/01/1996', 'DD/MM/YYYY'),'Economista', false, false);
insert into Usuario (Identificacion, Tipo, Nombre, Correo, Contrasena, Celular, Direccion, FechaNacimiento, Trabajo, CIFIN_Reportado, LavadoActivos) 
	values (61000123,'Natural','Sebastian Delgado','sebastian.delgado@gmail.com','password',3051234758,'Cra 29 # 15-12 sur',TO_DATE('01/01/1994', 'DD/MM/YYYY'),'Historiador', false, false);
insert into Usuario (Identificacion, Tipo, Nombre, Correo, Contrasena, Celular, Direccion, FechaNacimiento, Trabajo, CIFIN_Reportado, LavadoActivos) 
	values (61000456,'Natural','Sergio Jimenez','sergio.jimenez@gmail.com','password',3009997319,'Cra 37 # 63-12 sur',TO_DATE('15/11/1995', 'DD/MM/YYYY'),'Economista', false, false);
insert into Usuario (Identificacion, Tipo, Nombre, Correo, Contrasena, Celular, Direccion, FechaNacimiento, Trabajo, CIFIN_Reportado, LavadoActivos) 
	values (61000789,'Natural','Paula Mayorga','paula.mayorga@gmail.com','password',3005716524,'Cra 5 # 56-12 sur',TO_DATE('22/09/1997', 'DD/MM/YYYY'),'Arquitecta', false, false);
insert into Usuario (Identificacion, Tipo, Nombre, Correo, Contrasena, Celular, Direccion, FechaNacimiento, Trabajo, CIFIN_Reportado, LavadoActivos) 
	values (91000123,'Juridica','Importaciones SA','importaciones@gmail.com','password',3009991010,'Cra 26 # 10-12 sur',TO_DATE('01/01/2010', 'DD/MM/YYYY'),'Importadores', false, false);
insert into Usuario (Identificacion, Tipo, Nombre, Correo, Contrasena, Celular, Direccion, FechaNacimiento, Trabajo, CIFIN_Reportado, LavadoActivos) 
	values (91000456,'Juridica','Outlet Gafas SA','outletgafas@gmail.com','password',3120034679,'Cll 127 # 15-12',TO_DATE('22/09/2001', 'DD/MM/YYYY'),'Tienda Virtual', false, false);
insert into Usuario (Identificacion, Tipo, Nombre, Correo, Contrasena, Celular, Direccion, FechaNacimiento, Trabajo, CIFIN_Reportado, LavadoActivos) 
	values (91000789,'Juridica','Relojeria Mido','relojeriamido@gmail.com','password',3009800980,'Cra 13 # 8-12 sur',TO_DATE('20/07/1995', 'DD/MM/YYYY'),'Relojeria', false, false);
insert into Usuario (Identificacion, Tipo, Nombre, Correo, Contrasena, Celular, Direccion, FechaNacimiento, Trabajo, CIFIN_Reportado, LavadoActivos) 
	values (41000123,'Natural','Pablo Escobar','pablo.escobar@gmail.com','password',3001234567,'Cll 100 # 13-12',TO_DATE('15/09/1980', 'DD/MM/YYYY'),'Exportador', false, true);
insert into Usuario (Identificacion, Tipo, Nombre, Correo, Contrasena, Celular, Direccion, FechaNacimiento, Trabajo, CIFIN_Reportado, LavadoActivos) 
	values (41000456,'Natural','Armando Casas','armando.casas@gmail.com','password',3003697485,'Cll 10 # 35-12',TO_DATE('16/03/1985', 'DD/MM/YYYY'),'Desempleado', true, false);
insert into Usuario (Identificacion, Tipo, Nombre, Correo, Contrasena, Celular, Direccion, FechaNacimiento, Trabajo, CIFIN_Reportado, LavadoActivos) 
	values (41000789,'Natural','Gonzalo Gacha','gonzalo.gacha@gmail.com','password',3008582525,'Cra 20 # 89-12',TO_DATE('23/04/1989', 'DD/MM/YYYY'),'Exportador', true, true);
insert into Usuario (Identificacion, Tipo, Nombre, Correo, Contrasena, Celular, Direccion, FechaNacimiento, Trabajo, CIFIN_Reportado, LavadoActivos) 
	values (31000456,'Natural','Laura Bustos','laura.bustos@gmail.com','password',3013669779,'Cl 174 # 10-12',TO_DATE('06/02/2003', 'DD/MM/YYYY'),'Estudiante', false, false);

-- Cuenta
insert into Cuenta (Tipo, CuotaManejo, Balance, Usuario_Identificacion)
	values ('CATS', 0, 200000, 51000123);
insert into Cuenta (Tipo, CuotaManejo, Balance, Usuario_Identificacion)
	values ('CATS', 0, 15000, 51000456);
insert into Cuenta (Tipo, CuotaManejo, Balance, Usuario_Identificacion)
	values ('CATS', 0, 5000, 51000789);
insert into Cuenta (Tipo, CuotaManejo, Balance, Usuario_Identificacion)
	values ('CATS', 0, 350000, 21000123);
insert into Cuenta (Tipo, CuotaManejo, Balance, Usuario_Identificacion)
	values ('CATS', 0, 100000, 21000456);
insert into Cuenta (Tipo, CuotaManejo, Balance, Usuario_Identificacion)
	values ('Ahorro', 5000, 3200000, 21000789);
insert into Cuenta (Tipo, CuotaManejo, Balance, Usuario_Identificacion)
	values ('Ahorro', 5000, 2000000, 11000123);
insert into Cuenta (Tipo, CuotaManejo, Balance, Usuario_Identificacion)
	values ('Ahorro', 5000, 1500000, 11000456);
insert into Cuenta (Tipo, CuotaManejo, Balance, Usuario_Identificacion)
	values ('Ahorro', 5000, 8200000, 11000789);
insert into Cuenta (Tipo, CuotaManejo, Balance, Usuario_Identificacion)
	values ('Corriente', 25000, 92000000, 91000123);
insert into Cuenta (Tipo, CuotaManejo, Balance, Usuario_Identificacion)
	values ('Corriente', 25000, 150200000, 91000456);
insert into Cuenta (Tipo, CuotaManejo, Balance, Usuario_Identificacion)
	values ('Corriente', 25000, 45800000, 91000789);
insert into Cuenta (Tipo, CuotaManejo, Balance, Usuario_Identificacion)
	values ('Ahorros', 10000, 18000000, 91000123);

-- Credito
insert into Credito (Monto, Interes, Cuenta_Numero)
	values(2500000, 1, 1);
insert into Credito (Monto, Interes, Cuenta_Numero)
	values(3000000, 1, 2);
insert into Credito (Monto, Interes, Cuenta_Numero)
	values(15000000, 2, 6);
insert into Credito (Monto, Interes, Cuenta_Numero)
	values(25000000, 2, 7);
insert into Credito (Monto, Interes, Cuenta_Numero)
	values(180000000, 4, 10);
insert into Credito (Monto, Interes, Cuenta_Numero)
	values(270000000, 4, 11);
insert into Credito (Monto, Interes, Cuenta_Numero)
	values(87000000, 3, 13);

-- Tarjeta
insert into Tarjeta (Tipo, CuotaManejo, Cupo, Balance, FechaExpiracion, Cuenta_Numero)
	values('Debito', 5000, 3500000, 3000000, TO_DATE('01/01/2019', 'DD/MM/YYYY'), 6);
insert into Tarjeta (Tipo, CuotaManejo, Cupo, Balance, FechaExpiracion, Cuenta_Numero)
	values('Credito', 10000, 5000000, 3500000, TO_DATE('01/01/2020', 'DD/MM/YYYY'), 7);
insert into Tarjeta (Tipo, CuotaManejo, Cupo, Balance, FechaExpiracion, Cuenta_Numero)
	values('Credito', 10000, 4000000, 4000000, TO_DATE('01/01/2020', 'DD/MM/YYYY'), 8);
insert into Tarjeta (Tipo, CuotaManejo, Cupo, Balance, FechaExpiracion, Cuenta_Numero)
	values('Credito', 10000, 1500000, 1000000, TO_DATE('01/01/2020', 'DD/MM/YYYY'), 9);

-- Transaccion
insert into Transaccion (Tipo, Monto, Comision, Destinatario_ID, Cuenta_Numero)
	values('Pago', 143000, 5, 999999999, 10);
insert into Transaccion (Tipo, Monto, Comision, Destinatario_ID, Cuenta_Numero)
	values('Pago', 250000, 5, 999999999, 10);
insert into Transaccion (Tipo, Monto, Comision, Destinatario_ID, Cuenta_Numero)
	values('Pago', 1500000, 5, 999999999, 11);
insert into Transaccion (Tipo, Monto, Comision, Destinatario_ID, Cuenta_Numero)
	values('Inversion', 2500000, 15, 999999999, 11);
insert into Transaccion (Tipo, Monto, Comision, Destinatario_ID, Cuenta_Numero)
	values('Inversion', 3500000, 15, 999999999, 12);
insert into Transaccion (Tipo, Monto, Comision, Destinatario_ID, Cuenta_Numero)
	values('Inversion', 7000000, 15, 999999999, 12);
insert into Transaccion (Tipo, Monto, Comision, Destinatario_ID, Cuenta_Numero)
	values('Transferencia', 1500000, 10, 999999999, 13);